Name,Title,Transcript,Source URL
Stewart Stecker,"Senior Director, Investor Relations",Nvidia (NVDA) Q4 2025 Earnings Call Transcript,https://www.fool.com/earnings/call-transcripts/2025/02/26/nvidia-nvda-q4-2025-earnings-call-transcript/
Colette M. Kress,"Chief Financial Officer, Executive Vice President",Nvidia (NVDA) Q4 2025 Earnings Call Transcript,https://www.fool.com/earnings/call-transcripts/2025/02/26/nvidia-nvda-q4-2025-earnings-call-transcript/
C.J. Muse,Analyst,Nvidia (NVDA) Q4 2025 Earnings Call Transcript,https://www.fool.com/earnings/call-transcripts/2025/02/26/nvidia-nvda-q4-2025-earnings-call-transcript/
Joe Moore,JPMorgan Chase and Company -- Analyst,Nvidia (NVDA) Q4 2025 Earnings Call Transcript,https://www.fool.com/earnings/call-transcripts/2025/02/26/nvidia-nvda-q4-2025-earnings-call-transcript/
Vivek Arya,Analyst,Nvidia (NVDA) Q4 2025 Earnings Call Transcript,https://www.fool.com/earnings/call-transcripts/2025/02/26/nvidia-nvda-q4-2025-earnings-call-transcript/
Harlan Sur,Analyst,Nvidia (NVDA) Q4 2025 Earnings Call Transcript,https://www.fool.com/earnings/call-transcripts/2025/02/26/nvidia-nvda-q4-2025-earnings-call-transcript/
Timothy Arcuri,Analyst,Nvidia (NVDA) Q4 2025 Earnings Call Transcript,https://www.fool.com/earnings/call-transcripts/2025/02/26/nvidia-nvda-q4-2025-earnings-call-transcript/
Ben Reitzes,Analyst,Nvidia (NVDA) Q4 2025 Earnings Call Transcript,https://www.fool.com/earnings/call-transcripts/2025/02/26/nvidia-nvda-q4-2025-earnings-call-transcript/
Mark Lipacis,Analyst,Nvidia (NVDA) Q4 2025 Earnings Call Transcript,https://www.fool.com/earnings/call-transcripts/2025/02/26/nvidia-nvda-q4-2025-earnings-call-transcript/
Aaron Rakers,Analyst,Nvidia (NVDA) Q4 2025 Earnings Call Transcript,https://www.fool.com/earnings/call-transcripts/2025/02/26/nvidia-nvda-q4-2025-earnings-call-transcript/
Atif Malik,Analyst,Nvidia (NVDA) Q4 2025 Earnings Call Transcript,https://www.fool.com/earnings/call-transcripts/2025/02/26/nvidia-nvda-q4-2025-earnings-call-transcript/
Atif Malik,Analyst,Nvidia (NVDA) Q4 2025 Earnings Call Transcript,https://www.fool.com/earnings/call-transcripts/2025/02/26/nvidia-nvda-q4-2025-earnings-call-transcript/
Atif Malik,Analyst,Nvidia (NVDA) Q4 2025 Earnings Call Transcript,https://www.fool.com/earnings/call-transcripts/2025/02/26/nvidia-nvda-q4-2025-earnings-call-transcript/
Stewart Stecker,"Senior Director, Investor Relations",Nvidia (NVDA) Q3 2025 Earnings Call Transcript,https://www.fool.com/earnings/call-transcripts/2024/11/20/nvidia-nvda-q3-2025-earnings-call-transcript/
Colette M. Kress,"Chief Financial Officer, Executive Vice President",Nvidia (NVDA) Q3 2025 Earnings Call Transcript,https://www.fool.com/earnings/call-transcripts/2024/11/20/nvidia-nvda-q3-2025-earnings-call-transcript/
C.J. Muse,Analyst,Nvidia (NVDA) Q3 2025 Earnings Call Transcript,https://www.fool.com/earnings/call-transcripts/2024/11/20/nvidia-nvda-q3-2025-earnings-call-transcript/
Toshiya Hari,Analyst,Nvidia (NVDA) Q3 2025 Earnings Call Transcript,https://www.fool.com/earnings/call-transcripts/2024/11/20/nvidia-nvda-q3-2025-earnings-call-transcript/
Timothy Arcuri,Analyst,Nvidia (NVDA) Q3 2025 Earnings Call Transcript,https://www.fool.com/earnings/call-transcripts/2024/11/20/nvidia-nvda-q3-2025-earnings-call-transcript/
Vivek Arya,Analyst,Nvidia (NVDA) Q3 2025 Earnings Call Transcript,https://www.fool.com/earnings/call-transcripts/2024/11/20/nvidia-nvda-q3-2025-earnings-call-transcript/
Stacy Rasgon,Analyst,Nvidia (NVDA) Q3 2025 Earnings Call Transcript,https://www.fool.com/earnings/call-transcripts/2024/11/20/nvidia-nvda-q3-2025-earnings-call-transcript/
Joseph Moore,Analyst,Nvidia (NVDA) Q3 2025 Earnings Call Transcript,https://www.fool.com/earnings/call-transcripts/2024/11/20/nvidia-nvda-q3-2025-earnings-call-transcript/
Aaron Rakers,Analyst,Nvidia (NVDA) Q3 2025 Earnings Call Transcript,https://www.fool.com/earnings/call-transcripts/2024/11/20/nvidia-nvda-q3-2025-earnings-call-transcript/
Atif Malik,Analyst,Nvidia (NVDA) Q3 2025 Earnings Call Transcript,https://www.fool.com/earnings/call-transcripts/2024/11/20/nvidia-nvda-q3-2025-earnings-call-transcript/
Ben Reitzes,Melius Research -- Analyst,Nvidia (NVDA) Q3 2025 Earnings Call Transcript,https://www.fool.com/earnings/call-transcripts/2024/11/20/nvidia-nvda-q3-2025-earnings-call-transcript/
Pierre Ferragu,Analyst,Nvidia (NVDA) Q3 2025 Earnings Call Transcript,https://www.fool.com/earnings/call-transcripts/2024/11/20/nvidia-nvda-q3-2025-earnings-call-transcript/
Pierre Ferragu,Analyst,Nvidia (NVDA) Q3 2025 Earnings Call Transcript,https://www.fool.com/earnings/call-transcripts/2024/11/20/nvidia-nvda-q3-2025-earnings-call-transcript/
Pierre Ferragu,Analyst,Nvidia (NVDA) Q3 2025 Earnings Call Transcript,https://www.fool.com/earnings/call-transcripts/2024/11/20/nvidia-nvda-q3-2025-earnings-call-transcript/
Stewart Stecker,"Senior Director, Investor Relations",Nvidia (NVDA) Q2 2025 Earnings Call Transcript,https://www.fool.com/earnings/call-transcripts/2024/08/28/nvidia-nvda-q2-2025-earnings-call-transcript/
Colette M. Kress,"Chief Financial Officer, Executive Vice President",Nvidia (NVDA) Q2 2025 Earnings Call Transcript,https://www.fool.com/earnings/call-transcripts/2024/08/28/nvidia-nvda-q2-2025-earnings-call-transcript/
Vivek Arya,Analyst,Nvidia (NVDA) Q2 2025 Earnings Call Transcript,https://www.fool.com/earnings/call-transcripts/2024/08/28/nvidia-nvda-q2-2025-earnings-call-transcript/
Toshiya Hari,Analyst,Nvidia (NVDA) Q2 2025 Earnings Call Transcript,https://www.fool.com/earnings/call-transcripts/2024/08/28/nvidia-nvda-q2-2025-earnings-call-transcript/
Joe Moore,Analyst,Nvidia (NVDA) Q2 2025 Earnings Call Transcript,https://www.fool.com/earnings/call-transcripts/2024/08/28/nvidia-nvda-q2-2025-earnings-call-transcript/
Matt Ramsay,Analyst,Nvidia (NVDA) Q2 2025 Earnings Call Transcript,https://www.fool.com/earnings/call-transcripts/2024/08/28/nvidia-nvda-q2-2025-earnings-call-transcript/
Timothy Arcuri,Analyst,Nvidia (NVDA) Q2 2025 Earnings Call Transcript,https://www.fool.com/earnings/call-transcripts/2024/08/28/nvidia-nvda-q2-2025-earnings-call-transcript/
Stacy Rasgon,Analyst,Nvidia (NVDA) Q2 2025 Earnings Call Transcript,https://www.fool.com/earnings/call-transcripts/2024/08/28/nvidia-nvda-q2-2025-earnings-call-transcript/
Ben Reitzes,Melius Research -- Analyst,Nvidia (NVDA) Q2 2025 Earnings Call Transcript,https://www.fool.com/earnings/call-transcripts/2024/08/28/nvidia-nvda-q2-2025-earnings-call-transcript/
C.J. Muse,Analyst,Nvidia (NVDA) Q2 2025 Earnings Call Transcript,https://www.fool.com/earnings/call-transcripts/2024/08/28/nvidia-nvda-q2-2025-earnings-call-transcript/
Aaron Rakers,Analyst,Nvidia (NVDA) Q2 2025 Earnings Call Transcript,https://www.fool.com/earnings/call-transcripts/2024/08/28/nvidia-nvda-q2-2025-earnings-call-transcript/
Aaron Rakers,Analyst,Nvidia (NVDA) Q2 2025 Earnings Call Transcript,https://www.fool.com/earnings/call-transcripts/2024/08/28/nvidia-nvda-q2-2025-earnings-call-transcript/
Aaron Rakers,Analyst,Nvidia (NVDA) Q2 2025 Earnings Call Transcript,https://www.fool.com/earnings/call-transcripts/2024/08/28/nvidia-nvda-q2-2025-earnings-call-transcript/
Stacy Rasgon,AllianceBernstein -- Analyst,Nvidia (NVDA) Q1 2025 Earnings Call Transcript,https://www.fool.com/earnings/call-transcripts/2024/05/29/nvidia-nvda-q1-2025-earnings-call-transcript/
Tim Arcuri,UBS -- Analyst,Nvidia (NVDA) Q1 2025 Earnings Call Transcript,https://www.fool.com/earnings/call-transcripts/2024/05/29/nvidia-nvda-q1-2025-earnings-call-transcript/
Vivek Arya,Bank of America Merrill Lynch -- Analyst,Nvidia (NVDA) Q1 2025 Earnings Call Transcript,https://www.fool.com/earnings/call-transcripts/2024/05/29/nvidia-nvda-q1-2025-earnings-call-transcript/
Joe Moore,Morgan Stanley -- Analyst,Nvidia (NVDA) Q1 2025 Earnings Call Transcript,https://www.fool.com/earnings/call-transcripts/2024/05/29/nvidia-nvda-q1-2025-earnings-call-transcript/
Toshiya Hari,Goldman Sachs -- Analyst,Nvidia (NVDA) Q1 2025 Earnings Call Transcript,https://www.fool.com/earnings/call-transcripts/2024/05/29/nvidia-nvda-q1-2025-earnings-call-transcript/
Matt Ramsay,TD Cowen -- Analyst,Nvidia (NVDA) Q1 2025 Earnings Call Transcript,https://www.fool.com/earnings/call-transcripts/2024/05/29/nvidia-nvda-q1-2025-earnings-call-transcript/
Mark Lipacis,Evercore ISI -- Analyst,Nvidia (NVDA) Q1 2025 Earnings Call Transcript,https://www.fool.com/earnings/call-transcripts/2024/05/29/nvidia-nvda-q1-2025-earnings-call-transcript/
Blayne Curtis,Jefferies -- Analyst,Nvidia (NVDA) Q1 2025 Earnings Call Transcript,https://www.fool.com/earnings/call-transcripts/2024/05/29/nvidia-nvda-q1-2025-earnings-call-transcript/
Srini Pajjuri,Raymond James -- Analyst,Nvidia (NVDA) Q1 2025 Earnings Call Transcript,https://www.fool.com/earnings/call-transcripts/2024/05/29/nvidia-nvda-q1-2025-earnings-call-transcript/
William Stein,Truist Securities -- Analyst,Nvidia (NVDA) Q1 2025 Earnings Call Transcript,https://www.fool.com/earnings/call-transcripts/2024/05/29/nvidia-nvda-q1-2025-earnings-call-transcript/
C.J. Muse,Cantor Fitzgerald -- Analyst,Nvidia (NVDA) Q1 2025 Earnings Call Transcript,https://www.fool.com/earnings/call-transcripts/2024/05/29/nvidia-nvda-q1-2025-earnings-call-transcript/
C.J. Muse,Cantor Fitzgerald -- Analyst,Nvidia (NVDA) Q1 2025 Earnings Call Transcript,https://www.fool.com/earnings/call-transcripts/2024/05/29/nvidia-nvda-q1-2025-earnings-call-transcript/
C.J. Muse,Cantor Fitzgerald -- Analyst,Nvidia (NVDA) Q1 2025 Earnings Call Transcript,https://www.fool.com/earnings/call-transcripts/2024/05/29/nvidia-nvda-q1-2025-earnings-call-transcript/
Vivek Arya,Bank of America Merrill Lynch -- Analyst,Nvidia (NVDA) Q3 2024 Earnings Call Transcript,https://www.fool.com/earnings/call-transcripts/2023/11/22/nvidia-nvda-q3-2024-earnings-call-transcript/
Aaron Rakers,Well Fargo Securities -- Analyst,Nvidia (NVDA) Q3 2024 Earnings Call Transcript,https://www.fool.com/earnings/call-transcripts/2023/11/22/nvidia-nvda-q3-2024-earnings-call-transcript/
Joe Moore,Morgan Stanley -- Analyst,Nvidia (NVDA) Q3 2024 Earnings Call Transcript,https://www.fool.com/earnings/call-transcripts/2023/11/22/nvidia-nvda-q3-2024-earnings-call-transcript/
Tim Arcuri,UBS -- Analyst,Nvidia (NVDA) Q3 2024 Earnings Call Transcript,https://www.fool.com/earnings/call-transcripts/2023/11/22/nvidia-nvda-q3-2024-earnings-call-transcript/
Toshiya Hari,Goldman Sachs -- Analyst,Nvidia (NVDA) Q3 2024 Earnings Call Transcript,https://www.fool.com/earnings/call-transcripts/2023/11/22/nvidia-nvda-q3-2024-earnings-call-transcript/
Stacy Rasgon,Bernstein Research -- Analyst,Nvidia (NVDA) Q3 2024 Earnings Call Transcript,https://www.fool.com/earnings/call-transcripts/2023/11/22/nvidia-nvda-q3-2024-earnings-call-transcript/
Matt Ramsay,TD Cowen -- Analyst,Nvidia (NVDA) Q3 2024 Earnings Call Transcript,https://www.fool.com/earnings/call-transcripts/2023/11/22/nvidia-nvda-q3-2024-earnings-call-transcript/
Harlan Sur,JPMorgan Chase and Company -- Analyst,Nvidia (NVDA) Q3 2024 Earnings Call Transcript,https://www.fool.com/earnings/call-transcripts/2023/11/22/nvidia-nvda-q3-2024-earnings-call-transcript/
Harlan Sur,JPMorgan Chase and Company -- Analyst,Nvidia (NVDA) Q3 2024 Earnings Call Transcript,https://www.fool.com/earnings/call-transcripts/2023/11/22/nvidia-nvda-q3-2024-earnings-call-transcript/
Harlan Sur,JPMorgan Chase and Company -- Analyst,Nvidia (NVDA) Q3 2024 Earnings Call Transcript,https://www.fool.com/earnings/call-transcripts/2023/11/22/nvidia-nvda-q3-2024-earnings-call-transcript/
Matt Ramsay,TD Cowen -- Analyst,Nvidia (NVDA) Q2 2024 Earnings Call Transcript,https://www.fool.com/earnings/call-transcripts/2023/08/23/nvidia-nvda-q2-2024-earnings-call-transcript/
Vivek Arya,Bank of America Merrill Lynch -- Analyst,Nvidia (NVDA) Q2 2024 Earnings Call Transcript,https://www.fool.com/earnings/call-transcripts/2023/08/23/nvidia-nvda-q2-2024-earnings-call-transcript/
Stacy Rasgon,AllianceBernstein -- Analyst,Nvidia (NVDA) Q2 2024 Earnings Call Transcript,https://www.fool.com/earnings/call-transcripts/2023/08/23/nvidia-nvda-q2-2024-earnings-call-transcript/
Mark Lipacis,Jefferies -- Analyst,Nvidia (NVDA) Q2 2024 Earnings Call Transcript,https://www.fool.com/earnings/call-transcripts/2023/08/23/nvidia-nvda-q2-2024-earnings-call-transcript/
Atif Malik,Citi -- Analyst,Nvidia (NVDA) Q2 2024 Earnings Call Transcript,https://www.fool.com/earnings/call-transcripts/2023/08/23/nvidia-nvda-q2-2024-earnings-call-transcript/
Joe Moore,Morgan Stanley -- Analyst,Nvidia (NVDA) Q2 2024 Earnings Call Transcript,https://www.fool.com/earnings/call-transcripts/2023/08/23/nvidia-nvda-q2-2024-earnings-call-transcript/
Toshi Hari,Goldman Sachs -- Analyst,Nvidia (NVDA) Q2 2024 Earnings Call Transcript,https://www.fool.com/earnings/call-transcripts/2023/08/23/nvidia-nvda-q2-2024-earnings-call-transcript/
Tim Arcuri,UBS -- Analyst,Nvidia (NVDA) Q2 2024 Earnings Call Transcript,https://www.fool.com/earnings/call-transcripts/2023/08/23/nvidia-nvda-q2-2024-earnings-call-transcript/
Ben Reitzes,Melius Research -- Analyst,Nvidia (NVDA) Q2 2024 Earnings Call Transcript,https://www.fool.com/earnings/call-transcripts/2023/08/23/nvidia-nvda-q2-2024-earnings-call-transcript/
Ben Reitzes,Melius Research -- Analyst,Nvidia (NVDA) Q2 2024 Earnings Call Transcript,https://www.fool.com/earnings/call-transcripts/2023/08/23/nvidia-nvda-q2-2024-earnings-call-transcript/
Ben Reitzes,Melius Research -- Analyst,Nvidia (NVDA) Q2 2024 Earnings Call Transcript,https://www.fool.com/earnings/call-transcripts/2023/08/23/nvidia-nvda-q2-2024-earnings-call-transcript/
Toshi Hari,Goldman Sachs -- Analyst,Nvidia (NVDA) Q1 2024 Earnings Call Transcript,https://www.fool.com/earnings/call-transcripts/2023/05/24/nvidia-nvda-q1-2024-earnings-call-transcript/
C.J. Muse,Evercore ISI -- Analyst,Nvidia (NVDA) Q1 2024 Earnings Call Transcript,https://www.fool.com/earnings/call-transcripts/2023/05/24/nvidia-nvda-q1-2024-earnings-call-transcript/
Vivek Arya,Bank of America Merrill Lynch -- Analyst,Nvidia (NVDA) Q1 2024 Earnings Call Transcript,https://www.fool.com/earnings/call-transcripts/2023/05/24/nvidia-nvda-q1-2024-earnings-call-transcript/
Aaron Rakers,Wells Fargo Securities -- Analyst,Nvidia (NVDA) Q1 2024 Earnings Call Transcript,https://www.fool.com/earnings/call-transcripts/2023/05/24/nvidia-nvda-q1-2024-earnings-call-transcript/
Tim Arcuri,UBS -- Analyst,Nvidia (NVDA) Q1 2024 Earnings Call Transcript,https://www.fool.com/earnings/call-transcripts/2023/05/24/nvidia-nvda-q1-2024-earnings-call-transcript/
Stacy Rasgon,Bernstein Research -- Analyst,Nvidia (NVDA) Q1 2024 Earnings Call Transcript,https://www.fool.com/earnings/call-transcripts/2023/05/24/nvidia-nvda-q1-2024-earnings-call-transcript/
Joe Moore,Morgan Stanley -- Analyst,Nvidia (NVDA) Q1 2024 Earnings Call Transcript,https://www.fool.com/earnings/call-transcripts/2023/05/24/nvidia-nvda-q1-2024-earnings-call-transcript/
Harlan Sur,JPMorgan Chase and Company -- Analyst,Nvidia (NVDA) Q1 2024 Earnings Call Transcript,https://www.fool.com/earnings/call-transcripts/2023/05/24/nvidia-nvda-q1-2024-earnings-call-transcript/
Matt Ramsay,Cowen and Company -- Analyst,Nvidia (NVDA) Q1 2024 Earnings Call Transcript,https://www.fool.com/earnings/call-transcripts/2023/05/24/nvidia-nvda-q1-2024-earnings-call-transcript/
Matt Ramsay,Cowen and Company -- Analyst,Nvidia (NVDA) Q1 2024 Earnings Call Transcript,https://www.fool.com/earnings/call-transcripts/2023/05/24/nvidia-nvda-q1-2024-earnings-call-transcript/
Matt Ramsay,Cowen and Company -- Analyst,Nvidia (NVDA) Q1 2024 Earnings Call Transcript,https://www.fool.com/earnings/call-transcripts/2023/05/24/nvidia-nvda-q1-2024-earnings-call-transcript/
Aaron Rakers,Wells Fargo Securities -- Analyst,Nvidia (NVDA) Q4 2023 Earnings Call Transcript,https://www.fool.com/earnings/call-transcripts/2023/02/22/nvidia-nvda-q4-2023-earnings-call-transcript/
Vivek Arya,Bank of America Merrill Lynch -- Analyst,Nvidia (NVDA) Q4 2023 Earnings Call Transcript,https://www.fool.com/earnings/call-transcripts/2023/02/22/nvidia-nvda-q4-2023-earnings-call-transcript/
C.J. Muse,Evercore ISI -- Analyst,Nvidia (NVDA) Q4 2023 Earnings Call Transcript,https://www.fool.com/earnings/call-transcripts/2023/02/22/nvidia-nvda-q4-2023-earnings-call-transcript/
Matt Ramsay,Cowen and Company -- Analyst,Nvidia (NVDA) Q4 2023 Earnings Call Transcript,https://www.fool.com/earnings/call-transcripts/2023/02/22/nvidia-nvda-q4-2023-earnings-call-transcript/
Timothy Arcuri,UBS -- Analyst,Nvidia (NVDA) Q4 2023 Earnings Call Transcript,https://www.fool.com/earnings/call-transcripts/2023/02/22/nvidia-nvda-q4-2023-earnings-call-transcript/
Stacy Rasgon,AllianceBernstein -- Analyst,Nvidia (NVDA) Q4 2023 Earnings Call Transcript,https://www.fool.com/earnings/call-transcripts/2023/02/22/nvidia-nvda-q4-2023-earnings-call-transcript/
Mark Lipacis,Jefferies -- Analyst,Nvidia (NVDA) Q4 2023 Earnings Call Transcript,https://www.fool.com/earnings/call-transcripts/2023/02/22/nvidia-nvda-q4-2023-earnings-call-transcript/
Atif Malik,Citi -- Analyst,Nvidia (NVDA) Q4 2023 Earnings Call Transcript,https://www.fool.com/earnings/call-transcripts/2023/02/22/nvidia-nvda-q4-2023-earnings-call-transcript/
Joseph Moore,Morgan Stanley -- Analyst,Nvidia (NVDA) Q4 2023 Earnings Call Transcript,https://www.fool.com/earnings/call-transcripts/2023/02/22/nvidia-nvda-q4-2023-earnings-call-transcript/
Joseph Moore,Morgan Stanley -- Analyst,Nvidia (NVDA) Q4 2023 Earnings Call Transcript,https://www.fool.com/earnings/call-transcripts/2023/02/22/nvidia-nvda-q4-2023-earnings-call-transcript/
Joseph Moore,Morgan Stanley -- Analyst,Nvidia (NVDA) Q4 2023 Earnings Call Transcript,https://www.fool.com/earnings/call-transcripts/2023/02/22/nvidia-nvda-q4-2023-earnings-call-transcript/
Vivek Arya,Bank of America Merrill Lynch -- Analyst,Nvidia (NVDA) Q3 2023 Earnings Call Transcript,https://www.fool.com/earnings/call-transcripts/2022/11/16/nvidia-nvda-q3-2023-earnings-call-transcript/
C.J. Muse,Evercore ISI -- Analyst,Nvidia (NVDA) Q3 2023 Earnings Call Transcript,https://www.fool.com/earnings/call-transcripts/2022/11/16/nvidia-nvda-q3-2023-earnings-call-transcript/
Chris Caso,Credit Suisse -- Analyst,Nvidia (NVDA) Q3 2023 Earnings Call Transcript,https://www.fool.com/earnings/call-transcripts/2022/11/16/nvidia-nvda-q3-2023-earnings-call-transcript/
Timothy Arcuri,UBS -- Analyst,Nvidia (NVDA) Q3 2023 Earnings Call Transcript,https://www.fool.com/earnings/call-transcripts/2022/11/16/nvidia-nvda-q3-2023-earnings-call-transcript/
Stacy Rasgon,AllianceBernstein -- Analyst,Nvidia (NVDA) Q3 2023 Earnings Call Transcript,https://www.fool.com/earnings/call-transcripts/2022/11/16/nvidia-nvda-q3-2023-earnings-call-transcript/
Mark Lipacis,Jefferies -- Analyst,Nvidia (NVDA) Q3 2023 Earnings Call Transcript,https://www.fool.com/earnings/call-transcripts/2022/11/16/nvidia-nvda-q3-2023-earnings-call-transcript/
Harlan Sur,JPMorgan Chase and Company -- Analyst,Nvidia (NVDA) Q3 2023 Earnings Call Transcript,https://www.fool.com/earnings/call-transcripts/2022/11/16/nvidia-nvda-q3-2023-earnings-call-transcript/
Aaron Rakers,Wells Fargo Securities -- Analyst,Nvidia (NVDA) Q3 2023 Earnings Call Transcript,https://www.fool.com/earnings/call-transcripts/2022/11/16/nvidia-nvda-q3-2023-earnings-call-transcript/
Ambrish Srivastava,BMO Capital Markets -- Analyst,Nvidia (NVDA) Q3 2023 Earnings Call Transcript,https://www.fool.com/earnings/call-transcripts/2022/11/16/nvidia-nvda-q3-2023-earnings-call-transcript/
William Stein,Truist Securities -- Analyst,Nvidia (NVDA) Q3 2023 Earnings Call Transcript,https://www.fool.com/earnings/call-transcripts/2022/11/16/nvidia-nvda-q3-2023-earnings-call-transcript/
Matt Ramsay,Cowen and Company -- Analyst,Nvidia (NVDA) Q3 2023 Earnings Call Transcript,https://www.fool.com/earnings/call-transcripts/2022/11/16/nvidia-nvda-q3-2023-earnings-call-transcript/
Joseph Moore,Morgan Stanley -- Analyst,Nvidia (NVDA) Q3 2023 Earnings Call Transcript,https://www.fool.com/earnings/call-transcripts/2022/11/16/nvidia-nvda-q3-2023-earnings-call-transcript/
Toshiya Hari,Goldman Sachs -- Analyst,Nvidia (NVDA) Q3 2023 Earnings Call Transcript,https://www.fool.com/earnings/call-transcripts/2022/11/16/nvidia-nvda-q3-2023-earnings-call-transcript/
Toshiya Hari,Goldman Sachs -- Analyst,Nvidia (NVDA) Q3 2023 Earnings Call Transcript,https://www.fool.com/earnings/call-transcripts/2022/11/16/nvidia-nvda-q3-2023-earnings-call-transcript/
Toshiya Hari,Goldman Sachs -- Analyst,Nvidia (NVDA) Q3 2023 Earnings Call Transcript,https://www.fool.com/earnings/call-transcripts/2022/11/16/nvidia-nvda-q3-2023-earnings-call-transcript/
C.J. Muse,Evercore ISI -- Analyst,Nvidia (NVDA) Q2 2023 Earnings Call Transcript,https://www.fool.com/earnings/call-transcripts/2022/08/24/nvidia-nvda-q2-2023-earnings-call-transcript/
Vivek Arya,Bank of America Merrill Lynch -- Analyst,Nvidia (NVDA) Q2 2023 Earnings Call Transcript,https://www.fool.com/earnings/call-transcripts/2022/08/24/nvidia-nvda-q2-2023-earnings-call-transcript/
Matt Ramsay,Cowen and Company -- Analyst,Nvidia (NVDA) Q2 2023 Earnings Call Transcript,https://www.fool.com/earnings/call-transcripts/2022/08/24/nvidia-nvda-q2-2023-earnings-call-transcript/
Toshi Hari,Goldman Sachs -- Analyst,Nvidia (NVDA) Q2 2023 Earnings Call Transcript,https://www.fool.com/earnings/call-transcripts/2022/08/24/nvidia-nvda-q2-2023-earnings-call-transcript/
Aaron Rakers,Wells Fargo Securities -- Analyst,Nvidia (NVDA) Q2 2023 Earnings Call Transcript,https://www.fool.com/earnings/call-transcripts/2022/08/24/nvidia-nvda-q2-2023-earnings-call-transcript/
Atif Malik,Citi -- Analyst,Nvidia (NVDA) Q2 2023 Earnings Call Transcript,https://www.fool.com/earnings/call-transcripts/2022/08/24/nvidia-nvda-q2-2023-earnings-call-transcript/
Joe Moore,Morgan Stanley -- Analyst,Nvidia (NVDA) Q2 2023 Earnings Call Transcript,https://www.fool.com/earnings/call-transcripts/2022/08/24/nvidia-nvda-q2-2023-earnings-call-transcript/
Stacy Rasgon,AllianceBernstein -- Analyst,Nvidia (NVDA) Q2 2023 Earnings Call Transcript,https://www.fool.com/earnings/call-transcripts/2022/08/24/nvidia-nvda-q2-2023-earnings-call-transcript/
Srini Pajjuri,SMBC Nikko Securities -- Analyst,Nvidia (NVDA) Q2 2023 Earnings Call Transcript,https://www.fool.com/earnings/call-transcripts/2022/08/24/nvidia-nvda-q2-2023-earnings-call-transcript/
Tim Arcuri,UBS -- Analyst,Nvidia (NVDA) Q2 2023 Earnings Call Transcript,https://www.fool.com/earnings/call-transcripts/2022/08/24/nvidia-nvda-q2-2023-earnings-call-transcript/
Harlan Sur,JPMorgan Chase and Company -- Analyst,Nvidia (NVDA) Q2 2023 Earnings Call Transcript,https://www.fool.com/earnings/call-transcripts/2022/08/24/nvidia-nvda-q2-2023-earnings-call-transcript/
Ross Seymore,Deutsche Bank -- Analyst,Nvidia (NVDA) Q2 2023 Earnings Call Transcript,https://www.fool.com/earnings/call-transcripts/2022/08/24/nvidia-nvda-q2-2023-earnings-call-transcript/
Ross Seymore,Deutsche Bank -- Analyst,Nvidia (NVDA) Q2 2023 Earnings Call Transcript,https://www.fool.com/earnings/call-transcripts/2022/08/24/nvidia-nvda-q2-2023-earnings-call-transcript/
Ross Seymore,Deutsche Bank -- Analyst,Nvidia (NVDA) Q2 2023 Earnings Call Transcript,https://www.fool.com/earnings/call-transcripts/2022/08/24/nvidia-nvda-q2-2023-earnings-call-transcript/
C.J. Muse,Evercore ISI -- Analyst,Nvidia (NVDA) Q1 2023 Earnings Call Transcript,https://www.fool.com/earnings/call-transcripts/2022/05/26/nvidia-nvda-q1-2023-earnings-call-transcript/
Matt Ramsay,Cowen and Company -- Analyst,Nvidia (NVDA) Q1 2023 Earnings Call Transcript,https://www.fool.com/earnings/call-transcripts/2022/05/26/nvidia-nvda-q1-2023-earnings-call-transcript/
Stacy Rasgon,Bernstein Research -- Analyst,Nvidia (NVDA) Q1 2023 Earnings Call Transcript,https://www.fool.com/earnings/call-transcripts/2022/05/26/nvidia-nvda-q1-2023-earnings-call-transcript/
Mark Lipacis,Jefferies -- Analyst,Nvidia (NVDA) Q1 2023 Earnings Call Transcript,https://www.fool.com/earnings/call-transcripts/2022/05/26/nvidia-nvda-q1-2023-earnings-call-transcript/
Vivek Arya,Bank of America Merrill Lynch -- Analyst,Nvidia (NVDA) Q1 2023 Earnings Call Transcript,https://www.fool.com/earnings/call-transcripts/2022/05/26/nvidia-nvda-q1-2023-earnings-call-transcript/
Tim Arcuri,UBS -- Analyst,Nvidia (NVDA) Q1 2023 Earnings Call Transcript,https://www.fool.com/earnings/call-transcripts/2022/05/26/nvidia-nvda-q1-2023-earnings-call-transcript/
Ambrish Srivastava,BMO Capital Markets -- Analyst,Nvidia (NVDA) Q1 2023 Earnings Call Transcript,https://www.fool.com/earnings/call-transcripts/2022/05/26/nvidia-nvda-q1-2023-earnings-call-transcript/
Harlan Sur,J.P. Morgan -- Analyst,Nvidia (NVDA) Q1 2023 Earnings Call Transcript,https://www.fool.com/earnings/call-transcripts/2022/05/26/nvidia-nvda-q1-2023-earnings-call-transcript/
Chris Caso,Raymond James -- Analyst,Nvidia (NVDA) Q1 2023 Earnings Call Transcript,https://www.fool.com/earnings/call-transcripts/2022/05/26/nvidia-nvda-q1-2023-earnings-call-transcript/
Aaron Rakers,Wells Fargo Securities -- Analyst,Nvidia (NVDA) Q1 2023 Earnings Call Transcript,https://www.fool.com/earnings/call-transcripts/2022/05/26/nvidia-nvda-q1-2023-earnings-call-transcript/
Aaron Rakers,Wells Fargo Securities -- Analyst,Nvidia (NVDA) Q1 2023 Earnings Call Transcript,https://www.fool.com/earnings/call-transcripts/2022/05/26/nvidia-nvda-q1-2023-earnings-call-transcript/
Aaron Rakers,Wells Fargo Securities -- Analyst,Nvidia (NVDA) Q1 2023 Earnings Call Transcript,https://www.fool.com/earnings/call-transcripts/2022/05/26/nvidia-nvda-q1-2023-earnings-call-transcript/
Toshiya Hari,Goldman Sachs -- Analyst,Nvidia (NVDA) Q4 2022 Earnings Call Transcript,https://www.fool.com/earnings/call-transcripts/2022/02/17/nvidia-nvda-q4-2022-earnings-call-transcript/
C.J. Muse,Evercore ISI -- Analyst,Nvidia (NVDA) Q4 2022 Earnings Call Transcript,https://www.fool.com/earnings/call-transcripts/2022/02/17/nvidia-nvda-q4-2022-earnings-call-transcript/
Joe Moore,Morgan Stanley -- Analyst,Nvidia (NVDA) Q4 2022 Earnings Call Transcript,https://www.fool.com/earnings/call-transcripts/2022/02/17/nvidia-nvda-q4-2022-earnings-call-transcript/
John Pitzer,Credit Suisse -- Analyst,Nvidia (NVDA) Q4 2022 Earnings Call Transcript,https://www.fool.com/earnings/call-transcripts/2022/02/17/nvidia-nvda-q4-2022-earnings-call-transcript/
Tim Arcuri,UBS -- Analyst,Nvidia (NVDA) Q4 2022 Earnings Call Transcript,https://www.fool.com/earnings/call-transcripts/2022/02/17/nvidia-nvda-q4-2022-earnings-call-transcript/
Vivek Arya,Bank of America Merrill Lynch -- Analyst,Nvidia (NVDA) Q4 2022 Earnings Call Transcript,https://www.fool.com/earnings/call-transcripts/2022/02/17/nvidia-nvda-q4-2022-earnings-call-transcript/
Vivek Arya,Bank of America Merrill Lynch -- Analyst,Nvidia (NVDA) Q4 2022 Earnings Call Transcript,https://www.fool.com/earnings/call-transcripts/2022/02/17/nvidia-nvda-q4-2022-earnings-call-transcript/
Stacy Rasgon,Bernstein Research -- Analyst,Nvidia (NVDA) Q4 2022 Earnings Call Transcript,https://www.fool.com/earnings/call-transcripts/2022/02/17/nvidia-nvda-q4-2022-earnings-call-transcript/
Harlan Sur,J.P. Morgan -- Analyst,Nvidia (NVDA) Q4 2022 Earnings Call Transcript,https://www.fool.com/earnings/call-transcripts/2022/02/17/nvidia-nvda-q4-2022-earnings-call-transcript/
Matt Ramsay,Cowen and Company -- Analyst,Nvidia (NVDA) Q4 2022 Earnings Call Transcript,https://www.fool.com/earnings/call-transcripts/2022/02/17/nvidia-nvda-q4-2022-earnings-call-transcript/
Raji Gill,Needham & Company -- Analyst,Nvidia (NVDA) Q4 2022 Earnings Call Transcript,https://www.fool.com/earnings/call-transcripts/2022/02/17/nvidia-nvda-q4-2022-earnings-call-transcript/
Raji Gill,Needham & Company -- Analyst,Nvidia (NVDA) Q4 2022 Earnings Call Transcript,https://www.fool.com/earnings/call-transcripts/2022/02/17/nvidia-nvda-q4-2022-earnings-call-transcript/
Raji Gill,Needham & Company -- Analyst,Nvidia (NVDA) Q4 2022 Earnings Call Transcript,https://www.fool.com/earnings/call-transcripts/2022/02/17/nvidia-nvda-q4-2022-earnings-call-transcript/
Aaron Rakers,Wells Fargo -- Analyst,NVIDIA Corporation (NVDA) Q3 2021 Earnings Call Transcript,https://www.fool.com/earnings/call-transcripts/2021/11/18/nvidia-corporation-nvda-q3-2021-earnings-call-tran/
Mark Lipacis,Jefferies -- Analyst,NVIDIA Corporation (NVDA) Q3 2021 Earnings Call Transcript,https://www.fool.com/earnings/call-transcripts/2021/11/18/nvidia-corporation-nvda-q3-2021-earnings-call-tran/
C.J. Muse,Evercore ISI -- Analyst,NVIDIA Corporation (NVDA) Q3 2021 Earnings Call Transcript,https://www.fool.com/earnings/call-transcripts/2021/11/18/nvidia-corporation-nvda-q3-2021-earnings-call-tran/
Stacy Rasgon,Bernstein Research -- Analyst,NVIDIA Corporation (NVDA) Q3 2021 Earnings Call Transcript,https://www.fool.com/earnings/call-transcripts/2021/11/18/nvidia-corporation-nvda-q3-2021-earnings-call-tran/
Vivek Arya,BofA Securities -- Analyst,NVIDIA Corporation (NVDA) Q3 2021 Earnings Call Transcript,https://www.fool.com/earnings/call-transcripts/2021/11/18/nvidia-corporation-nvda-q3-2021-earnings-call-tran/
Timothy Arcuri,UBS -- Analyst,NVIDIA Corporation (NVDA) Q3 2021 Earnings Call Transcript,https://www.fool.com/earnings/call-transcripts/2021/11/18/nvidia-corporation-nvda-q3-2021-earnings-call-tran/
Timothy Arcuri,UBS -- Analyst,NVIDIA Corporation (NVDA) Q3 2021 Earnings Call Transcript,https://www.fool.com/earnings/call-transcripts/2021/11/18/nvidia-corporation-nvda-q3-2021-earnings-call-tran/
Timothy Arcuri,UBS -- Analyst,NVIDIA Corporation (NVDA) Q3 2021 Earnings Call Transcript,https://www.fool.com/earnings/call-transcripts/2021/11/18/nvidia-corporation-nvda-q3-2021-earnings-call-tran/
Timothy Arcuri,UBS -- Analyst,NVIDIA Corporation (NVDA) Q3 2021 Earnings Call Transcript,https://www.fool.com/earnings/call-transcripts/2021/11/18/nvidia-corporation-nvda-q3-2021-earnings-call-tran/
Timothy Arcuri,UBS -- Analyst,NVIDIA Corp (NVDA) Q1 2022 Earnings Call Transcript,https://www.fool.com/earnings/call-transcripts/2021/05/27/nvidia-corp-nvda-q1-2022-earnings-call-transcript/
C.J. Muse,Evercore ISI -- Analyst,NVIDIA Corp (NVDA) Q1 2022 Earnings Call Transcript,https://www.fool.com/earnings/call-transcripts/2021/05/27/nvidia-corp-nvda-q1-2022-earnings-call-transcript/
Aaron Rakers,Wells Fargo -- Analyst,NVIDIA Corp (NVDA) Q1 2022 Earnings Call Transcript,https://www.fool.com/earnings/call-transcripts/2021/05/27/nvidia-corp-nvda-q1-2022-earnings-call-transcript/
Vivek Arya,Bank of America Securities -- Analyst,NVIDIA Corp (NVDA) Q1 2022 Earnings Call Transcript,https://www.fool.com/earnings/call-transcripts/2021/05/27/nvidia-corp-nvda-q1-2022-earnings-call-transcript/
John Pitzer,Credit Suisse -- Analyst,NVIDIA Corp (NVDA) Q1 2022 Earnings Call Transcript,https://www.fool.com/earnings/call-transcripts/2021/05/27/nvidia-corp-nvda-q1-2022-earnings-call-transcript/
Stacy Rasgon,Bernstein -- Analyst,NVIDIA Corp (NVDA) Q1 2022 Earnings Call Transcript,https://www.fool.com/earnings/call-transcripts/2021/05/27/nvidia-corp-nvda-q1-2022-earnings-call-transcript/
Stacy Rasgon,Bernstein -- Analyst,NVIDIA Corp (NVDA) Q1 2022 Earnings Call Transcript,https://www.fool.com/earnings/call-transcripts/2021/05/27/nvidia-corp-nvda-q1-2022-earnings-call-transcript/
Stacy Rasgon,Bernstein -- Analyst,NVIDIA Corp (NVDA) Q1 2022 Earnings Call Transcript,https://www.fool.com/earnings/call-transcripts/2021/05/27/nvidia-corp-nvda-q1-2022-earnings-call-transcript/
Stacy Rasgon,Bernstein -- Analyst,NVIDIA Corp (NVDA) Q1 2022 Earnings Call Transcript,https://www.fool.com/earnings/call-transcripts/2021/05/27/nvidia-corp-nvda-q1-2022-earnings-call-transcript/
C.J. Muse,Evercore ISI -- Analyst,NVIDIA Corp (NVDA) Q4 2021 Earnings Call Transcript,https://www.fool.com/earnings/call-transcripts/2021/02/25/nvidia-corp-nvda-q4-2021-earnings-call-transcript/
Vivek Arya,BofA Securities -- Analyst,NVIDIA Corp (NVDA) Q4 2021 Earnings Call Transcript,https://www.fool.com/earnings/call-transcripts/2021/02/25/nvidia-corp-nvda-q4-2021-earnings-call-transcript/
Stacy Rasgon,Bernstein Research -- Analyst,NVIDIA Corp (NVDA) Q4 2021 Earnings Call Transcript,https://www.fool.com/earnings/call-transcripts/2021/02/25/nvidia-corp-nvda-q4-2021-earnings-call-transcript/
Timothy Arcuri,UBS -- Analyst,NVIDIA Corp (NVDA) Q4 2021 Earnings Call Transcript,https://www.fool.com/earnings/call-transcripts/2021/02/25/nvidia-corp-nvda-q4-2021-earnings-call-transcript/
John Pitzer,Credit Suisse -- Analyst,NVIDIA Corp (NVDA) Q4 2021 Earnings Call Transcript,https://www.fool.com/earnings/call-transcripts/2021/02/25/nvidia-corp-nvda-q4-2021-earnings-call-transcript/
Aaron Rakers,Wells Fargo -- Analyst,NVIDIA Corp (NVDA) Q4 2021 Earnings Call Transcript,https://www.fool.com/earnings/call-transcripts/2021/02/25/nvidia-corp-nvda-q4-2021-earnings-call-transcript/
Mark Lipacis,Jefferies -- Analyst,NVIDIA Corp (NVDA) Q4 2021 Earnings Call Transcript,https://www.fool.com/earnings/call-transcripts/2021/02/25/nvidia-corp-nvda-q4-2021-earnings-call-transcript/
Mark Lipacis,Jefferies -- Analyst,NVIDIA Corp (NVDA) Q4 2021 Earnings Call Transcript,https://www.fool.com/earnings/call-transcripts/2021/02/25/nvidia-corp-nvda-q4-2021-earnings-call-transcript/
Mark Lipacis,Jefferies -- Analyst,NVIDIA Corp (NVDA) Q4 2021 Earnings Call Transcript,https://www.fool.com/earnings/call-transcripts/2021/02/25/nvidia-corp-nvda-q4-2021-earnings-call-transcript/
Mark Lipacis,Jefferies -- Analyst,NVIDIA Corp (NVDA) Q4 2021 Earnings Call Transcript,https://www.fool.com/earnings/call-transcripts/2021/02/25/nvidia-corp-nvda-q4-2021-earnings-call-transcript/
Vivek Arya,Bank of America Merrill Lynch -- Analyst,NVIDIA (NVDA) Q2 2021 Earnings Call Transcript,https://www.fool.com/earnings/call-transcripts/2020/08/20/nvidia-nvda-q2-2021-earnings-call-transcript/
Timothy Arcuri,UBS -- Analyst,NVIDIA (NVDA) Q2 2021 Earnings Call Transcript,https://www.fool.com/earnings/call-transcripts/2020/08/20/nvidia-nvda-q2-2021-earnings-call-transcript/
Aaron Rakers,Wells Fargo Securities -- Analyst,NVIDIA (NVDA) Q2 2021 Earnings Call Transcript,https://www.fool.com/earnings/call-transcripts/2020/08/20/nvidia-nvda-q2-2021-earnings-call-transcript/
C.J. Muse,Evercore ISI -- Analyst,NVIDIA (NVDA) Q2 2021 Earnings Call Transcript,https://www.fool.com/earnings/call-transcripts/2020/08/20/nvidia-nvda-q2-2021-earnings-call-transcript/
Toshiya Hari,Goldman Sachs -- Analyst,NVIDIA (NVDA) Q2 2021 Earnings Call Transcript,https://www.fool.com/earnings/call-transcripts/2020/08/20/nvidia-nvda-q2-2021-earnings-call-transcript/
Stacy Rasgon,Bernstein Research -- Analyst,NVIDIA (NVDA) Q2 2021 Earnings Call Transcript,https://www.fool.com/earnings/call-transcripts/2020/08/20/nvidia-nvda-q2-2021-earnings-call-transcript/
Joseph Moore,Morgan Stanley -- Analyst,NVIDIA (NVDA) Q2 2021 Earnings Call Transcript,https://www.fool.com/earnings/call-transcripts/2020/08/20/nvidia-nvda-q2-2021-earnings-call-transcript/
Joseph Moore,Morgan Stanley -- Analyst,NVIDIA (NVDA) Q2 2021 Earnings Call Transcript,https://www.fool.com/earnings/call-transcripts/2020/08/20/nvidia-nvda-q2-2021-earnings-call-transcript/
Joseph Moore,Morgan Stanley -- Analyst,NVIDIA (NVDA) Q2 2021 Earnings Call Transcript,https://www.fool.com/earnings/call-transcripts/2020/08/20/nvidia-nvda-q2-2021-earnings-call-transcript/
Aaron Rakers,Wells Fargo -- Analyst,NVIDIA Corp (NVDA) Q1 2021 Earnings Call Transcript,https://www.fool.com/earnings/call-transcripts/2020/05/22/nvidia-corp-nvda-q1-2021-earnings-call-transcript.aspx
Stacy Rasgon,Bernstein Research -- Analyst,NVIDIA Corp (NVDA) Q1 2021 Earnings Call Transcript,https://www.fool.com/earnings/call-transcripts/2020/05/22/nvidia-corp-nvda-q1-2021-earnings-call-transcript.aspx
Joe Moore,Morgan Stanley -- Analyst,NVIDIA Corp (NVDA) Q1 2021 Earnings Call Transcript,https://www.fool.com/earnings/call-transcripts/2020/05/22/nvidia-corp-nvda-q1-2021-earnings-call-transcript.aspx
Vivek Arya,Bank of America Merrill Lynch -- Analyst,NVIDIA Corp (NVDA) Q1 2021 Earnings Call Transcript,https://www.fool.com/earnings/call-transcripts/2020/05/22/nvidia-corp-nvda-q1-2021-earnings-call-transcript.aspx
C.J. Muse,Evercore ISI -- Analyst,NVIDIA Corp (NVDA) Q1 2021 Earnings Call Transcript,https://www.fool.com/earnings/call-transcripts/2020/05/22/nvidia-corp-nvda-q1-2021-earnings-call-transcript.aspx
Toshiya Hari,Goldman Sachs -- Analyst,NVIDIA Corp (NVDA) Q1 2021 Earnings Call Transcript,https://www.fool.com/earnings/call-transcripts/2020/05/22/nvidia-corp-nvda-q1-2021-earnings-call-transcript.aspx
Mark Lipacis,Jefferies -- Analyst,NVIDIA Corp (NVDA) Q1 2021 Earnings Call Transcript,https://www.fool.com/earnings/call-transcripts/2020/05/22/nvidia-corp-nvda-q1-2021-earnings-call-transcript.aspx
Timothy Arcuri,UBS -- Analyst,NVIDIA Corp (NVDA) Q1 2021 Earnings Call Transcript,https://www.fool.com/earnings/call-transcripts/2020/05/22/nvidia-corp-nvda-q1-2021-earnings-call-transcript.aspx
Harlan Sur,J. P. Morgan -- Analyst,NVIDIA Corp (NVDA) Q1 2021 Earnings Call Transcript,https://www.fool.com/earnings/call-transcripts/2020/05/22/nvidia-corp-nvda-q1-2021-earnings-call-transcript.aspx
Will Stein,SunTrust Robinson Humphrey -- Analyst,NVIDIA Corp (NVDA) Q1 2021 Earnings Call Transcript,https://www.fool.com/earnings/call-transcripts/2020/05/22/nvidia-corp-nvda-q1-2021-earnings-call-transcript.aspx
John Pitzer,Credit Suisse -- Analyst,NVIDIA Corp (NVDA) Q1 2021 Earnings Call Transcript,https://www.fool.com/earnings/call-transcripts/2020/05/22/nvidia-corp-nvda-q1-2021-earnings-call-transcript.aspx
Matt Ramsay,Cowen -- Analyst,NVIDIA Corp (NVDA) Q1 2021 Earnings Call Transcript,https://www.fool.com/earnings/call-transcripts/2020/05/22/nvidia-corp-nvda-q1-2021-earnings-call-transcript.aspx
Matt Ramsay,Cowen -- Analyst,NVIDIA Corp (NVDA) Q1 2021 Earnings Call Transcript,https://www.fool.com/earnings/call-transcripts/2020/05/22/nvidia-corp-nvda-q1-2021-earnings-call-transcript.aspx
Matt Ramsay,Cowen -- Analyst,NVIDIA Corp (NVDA) Q1 2021 Earnings Call Transcript,https://www.fool.com/earnings/call-transcripts/2020/05/22/nvidia-corp-nvda-q1-2021-earnings-call-transcript.aspx
Matt Ramsay,Cowen -- Analyst,NVIDIA Corp (NVDA) Q1 2021 Earnings Call Transcript,https://www.fool.com/earnings/call-transcripts/2020/05/22/nvidia-corp-nvda-q1-2021-earnings-call-transcript.aspx
Toshiya Hari,Goldman Sachs -- Analyst,NVIDIA Corp (NVDA) Q4 2020 Earnings Call Transcript,https://www.fool.com/earnings/call-transcripts/2020/02/14/nvidia-corp-nvda-q4-2020-earnings-call-transcript.aspx
Joseph Moore,Morgan Stanley -- Analyst,NVIDIA Corp (NVDA) Q4 2020 Earnings Call Transcript,https://www.fool.com/earnings/call-transcripts/2020/02/14/nvidia-corp-nvda-q4-2020-earnings-call-transcript.aspx
Vivek Arya,Bank of America Securities -- Analyst,NVIDIA Corp (NVDA) Q4 2020 Earnings Call Transcript,https://www.fool.com/earnings/call-transcripts/2020/02/14/nvidia-corp-nvda-q4-2020-earnings-call-transcript.aspx
Timothy Arcuri,UBS -- Analyst,NVIDIA Corp (NVDA) Q4 2020 Earnings Call Transcript,https://www.fool.com/earnings/call-transcripts/2020/02/14/nvidia-corp-nvda-q4-2020-earnings-call-transcript.aspx
Aaron Rakers,Wells Fargo Securities -- Analyst,NVIDIA Corp (NVDA) Q4 2020 Earnings Call Transcript,https://www.fool.com/earnings/call-transcripts/2020/02/14/nvidia-corp-nvda-q4-2020-earnings-call-transcript.aspx
Matthew Ramsay,Cowen and Company -- Analyst,NVIDIA Corp (NVDA) Q4 2020 Earnings Call Transcript,https://www.fool.com/earnings/call-transcripts/2020/02/14/nvidia-corp-nvda-q4-2020-earnings-call-transcript.aspx
Harlan Sur,JP Morgan -- Analyst,NVIDIA Corp (NVDA) Q4 2020 Earnings Call Transcript,https://www.fool.com/earnings/call-transcripts/2020/02/14/nvidia-corp-nvda-q4-2020-earnings-call-transcript.aspx
Christopher James Muse,Evercore ISI -- Analyst,NVIDIA Corp (NVDA) Q4 2020 Earnings Call Transcript,https://www.fool.com/earnings/call-transcripts/2020/02/14/nvidia-corp-nvda-q4-2020-earnings-call-transcript.aspx
Atif Malik,Citigroup -- Analyst,NVIDIA Corp (NVDA) Q4 2020 Earnings Call Transcript,https://www.fool.com/earnings/call-transcripts/2020/02/14/nvidia-corp-nvda-q4-2020-earnings-call-transcript.aspx
William Stein,SunTrust -- Analyst,NVIDIA Corp (NVDA) Q4 2020 Earnings Call Transcript,https://www.fool.com/earnings/call-transcripts/2020/02/14/nvidia-corp-nvda-q4-2020-earnings-call-transcript.aspx
Mark Lipacis,Jefferies -- Analyst,NVIDIA Corp (NVDA) Q4 2020 Earnings Call Transcript,https://www.fool.com/earnings/call-transcripts/2020/02/14/nvidia-corp-nvda-q4-2020-earnings-call-transcript.aspx
Blayne Curtis,Barclays -- Analyst,NVIDIA Corp (NVDA) Q4 2020 Earnings Call Transcript,https://www.fool.com/earnings/call-transcripts/2020/02/14/nvidia-corp-nvda-q4-2020-earnings-call-transcript.aspx
Blayne Curtis,Barclays -- Analyst,NVIDIA Corp (NVDA) Q4 2020 Earnings Call Transcript,https://www.fool.com/earnings/call-transcripts/2020/02/14/nvidia-corp-nvda-q4-2020-earnings-call-transcript.aspx
Blayne Curtis,Barclays -- Analyst,NVIDIA Corp (NVDA) Q4 2020 Earnings Call Transcript,https://www.fool.com/earnings/call-transcripts/2020/02/14/nvidia-corp-nvda-q4-2020-earnings-call-transcript.aspx
Blayne Curtis,Barclays -- Analyst,NVIDIA Corp (NVDA) Q4 2020 Earnings Call Transcript,https://www.fool.com/earnings/call-transcripts/2020/02/14/nvidia-corp-nvda-q4-2020-earnings-call-transcript.aspx
Vivek Arya,Bank of America Merrill Lynch -- Analyst,NVIDIA Corp (NVDA) Q3 2019 Earnings Call Transcript,https://www.fool.com/earnings/call-transcripts/2019/11/14/nvidia-corp-nvda-q3-2019-earnings-call-transcript.aspx
Aaron Rakers,Wells Fargo -- Analyst,NVIDIA Corp (NVDA) Q3 2019 Earnings Call Transcript,https://www.fool.com/earnings/call-transcripts/2019/11/14/nvidia-corp-nvda-q3-2019-earnings-call-transcript.aspx
C.J. Muse,Evercore ISI -- Analyst,NVIDIA Corp (NVDA) Q3 2019 Earnings Call Transcript,https://www.fool.com/earnings/call-transcripts/2019/11/14/nvidia-corp-nvda-q3-2019-earnings-call-transcript.aspx
Harlan Sur,JPMorgan -- Analyst,NVIDIA Corp (NVDA) Q3 2019 Earnings Call Transcript,https://www.fool.com/earnings/call-transcripts/2019/11/14/nvidia-corp-nvda-q3-2019-earnings-call-transcript.aspx
Toshiya Hari,Goldman Sachs -- Analyst,NVIDIA Corp (NVDA) Q3 2019 Earnings Call Transcript,https://www.fool.com/earnings/call-transcripts/2019/11/14/nvidia-corp-nvda-q3-2019-earnings-call-transcript.aspx
Stacy Rasgon,Sanford C. Bernstein & Co. -- Analyst,NVIDIA Corp (NVDA) Q3 2019 Earnings Call Transcript,https://www.fool.com/earnings/call-transcripts/2019/11/14/nvidia-corp-nvda-q3-2019-earnings-call-transcript.aspx
Mitch Steves,RBC -- Analyst,NVIDIA Corp (NVDA) Q3 2019 Earnings Call Transcript,https://www.fool.com/earnings/call-transcripts/2019/11/14/nvidia-corp-nvda-q3-2019-earnings-call-transcript.aspx
Joe Moore,Morgan Stanley -- Analyst,NVIDIA Corp (NVDA) Q3 2019 Earnings Call Transcript,https://www.fool.com/earnings/call-transcripts/2019/11/14/nvidia-corp-nvda-q3-2019-earnings-call-transcript.aspx
Harsh Kumar,Piper Jaffray -- Analyst,NVIDIA Corp (NVDA) Q3 2019 Earnings Call Transcript,https://www.fool.com/earnings/call-transcripts/2019/11/14/nvidia-corp-nvda-q3-2019-earnings-call-transcript.aspx
Harsh Kumar,Piper Jaffray -- Analyst,NVIDIA Corp (NVDA) Q3 2019 Earnings Call Transcript,https://www.fool.com/earnings/call-transcripts/2019/11/14/nvidia-corp-nvda-q3-2019-earnings-call-transcript.aspx
Harsh Kumar,Piper Jaffray -- Analyst,NVIDIA Corp (NVDA) Q3 2019 Earnings Call Transcript,https://www.fool.com/earnings/call-transcripts/2019/11/14/nvidia-corp-nvda-q3-2019-earnings-call-transcript.aspx
Harsh Kumar,Piper Jaffray -- Analyst,NVIDIA Corp (NVDA) Q3 2019 Earnings Call Transcript,https://www.fool.com/earnings/call-transcripts/2019/11/14/nvidia-corp-nvda-q3-2019-earnings-call-transcript.aspx
C.J. Muse,Evercore ISI -- Analyst,NVIDIA Corp (NVDA) Q2 2020 Earnings Call Transcript,https://www.fool.com/earnings/call-transcripts/2019/08/16/nvidia-corp-nvda-q2-2020-earnings-call-transcript.aspx
Vivek Arya,Bank of America Merrill Lynch. -- Analyst,NVIDIA Corp (NVDA) Q2 2020 Earnings Call Transcript,https://www.fool.com/earnings/call-transcripts/2019/08/16/nvidia-corp-nvda-q2-2020-earnings-call-transcript.aspx
Toshiya Hari,Goldman Sachs -- Analyst,NVIDIA Corp (NVDA) Q2 2020 Earnings Call Transcript,https://www.fool.com/earnings/call-transcripts/2019/08/16/nvidia-corp-nvda-q2-2020-earnings-call-transcript.aspx
Harlan Sur,JPMorgan -- Analyst,NVIDIA Corp (NVDA) Q2 2020 Earnings Call Transcript,https://www.fool.com/earnings/call-transcripts/2019/08/16/nvidia-corp-nvda-q2-2020-earnings-call-transcript.aspx
Timothy Arcuri,UBS -- Analyst,NVIDIA Corp (NVDA) Q2 2020 Earnings Call Transcript,https://www.fool.com/earnings/call-transcripts/2019/08/16/nvidia-corp-nvda-q2-2020-earnings-call-transcript.aspx
Matt Ramsay,Cowen -- Analyst,NVIDIA Corp (NVDA) Q2 2020 Earnings Call Transcript,https://www.fool.com/earnings/call-transcripts/2019/08/16/nvidia-corp-nvda-q2-2020-earnings-call-transcript.aspx
Joe Moore,Morgan Stanley -- Analyst,NVIDIA Corp (NVDA) Q2 2020 Earnings Call Transcript,https://www.fool.com/earnings/call-transcripts/2019/08/16/nvidia-corp-nvda-q2-2020-earnings-call-transcript.aspx
Aaron Rakers,Wells Fargo -- Analyst,NVIDIA Corp (NVDA) Q2 2020 Earnings Call Transcript,https://www.fool.com/earnings/call-transcripts/2019/08/16/nvidia-corp-nvda-q2-2020-earnings-call-transcript.aspx
Stacy Rasgon,Bernstein Research -- Analyst,NVIDIA Corp (NVDA) Q2 2020 Earnings Call Transcript,https://www.fool.com/earnings/call-transcripts/2019/08/16/nvidia-corp-nvda-q2-2020-earnings-call-transcript.aspx
Stacy Rasgon,Bernstein Research -- Analyst,NVIDIA Corp (NVDA) Q2 2020 Earnings Call Transcript,https://www.fool.com/earnings/call-transcripts/2019/08/16/nvidia-corp-nvda-q2-2020-earnings-call-transcript.aspx
Stacy Rasgon,Bernstein Research -- Analyst,NVIDIA Corp (NVDA) Q2 2020 Earnings Call Transcript,https://www.fool.com/earnings/call-transcripts/2019/08/16/nvidia-corp-nvda-q2-2020-earnings-call-transcript.aspx
Stacy Rasgon,Bernstein Research -- Analyst,NVIDIA Corp (NVDA) Q2 2020 Earnings Call Transcript,https://www.fool.com/earnings/call-transcripts/2019/08/16/nvidia-corp-nvda-q2-2020-earnings-call-transcript.aspx
Aaron Rakers,Wells Fargo. -- Analyst,NVIDIA Corp (NVDA) Q1 2020 Earnings Call Transcript,https://www.fool.com/earnings/call-transcripts/2019/05/20/nvidia-corp-nvda-q1-2020-earnings-call-transcript.aspx
Harlan Sur,J. P. Morgan -- Analyst,NVIDIA Corp (NVDA) Q1 2020 Earnings Call Transcript,https://www.fool.com/earnings/call-transcripts/2019/05/20/nvidia-corp-nvda-q1-2020-earnings-call-transcript.aspx
Tim Arcuri,UBS -- Analyst,NVIDIA Corp (NVDA) Q1 2020 Earnings Call Transcript,https://www.fool.com/earnings/call-transcripts/2019/05/20/nvidia-corp-nvda-q1-2020-earnings-call-transcript.aspx
Toshiya Hari,Goldman Sachs -- Analyst,NVIDIA Corp (NVDA) Q1 2020 Earnings Call Transcript,https://www.fool.com/earnings/call-transcripts/2019/05/20/nvidia-corp-nvda-q1-2020-earnings-call-transcript.aspx
Joseph Moore,Morgan Stanley. -- Analyst,NVIDIA Corp (NVDA) Q1 2020 Earnings Call Transcript,https://www.fool.com/earnings/call-transcripts/2019/05/20/nvidia-corp-nvda-q1-2020-earnings-call-transcript.aspx
Vivek Arya,Bank of America Merrill Lynch -- Analyst,NVIDIA Corp (NVDA) Q1 2020 Earnings Call Transcript,https://www.fool.com/earnings/call-transcripts/2019/05/20/nvidia-corp-nvda-q1-2020-earnings-call-transcript.aspx
Stacy Rasgon,Bernstein Research -- Analyst,NVIDIA Corp (NVDA) Q1 2020 Earnings Call Transcript,https://www.fool.com/earnings/call-transcripts/2019/05/20/nvidia-corp-nvda-q1-2020-earnings-call-transcript.aspx
C.J. Muse,Evercore ISI -- Analyst,NVIDIA Corp (NVDA) Q1 2020 Earnings Call Transcript,https://www.fool.com/earnings/call-transcripts/2019/05/20/nvidia-corp-nvda-q1-2020-earnings-call-transcript.aspx
Chris Caso,Raymond James -- Analyst,NVIDIA Corp (NVDA) Q1 2020 Earnings Call Transcript,https://www.fool.com/earnings/call-transcripts/2019/05/20/nvidia-corp-nvda-q1-2020-earnings-call-transcript.aspx
Matt Ramsay,Cowen and Company -- Analyst,NVIDIA Corp (NVDA) Q1 2020 Earnings Call Transcript,https://www.fool.com/earnings/call-transcripts/2019/05/20/nvidia-corp-nvda-q1-2020-earnings-call-transcript.aspx
Matt Ramsay,Cowen and Company -- Analyst,NVIDIA Corp (NVDA) Q1 2020 Earnings Call Transcript,https://www.fool.com/earnings/call-transcripts/2019/05/20/nvidia-corp-nvda-q1-2020-earnings-call-transcript.aspx
Matt Ramsay,Cowen and Company -- Analyst,NVIDIA Corp (NVDA) Q1 2020 Earnings Call Transcript,https://www.fool.com/earnings/call-transcripts/2019/05/20/nvidia-corp-nvda-q1-2020-earnings-call-transcript.aspx
Matt Ramsay,Cowen and Company -- Analyst,NVIDIA Corp (NVDA) Q1 2020 Earnings Call Transcript,https://www.fool.com/earnings/call-transcripts/2019/05/20/nvidia-corp-nvda-q1-2020-earnings-call-transcript.aspx
